<project name="cvs" default="noop">
	<!-- - - - - - - - - - - - - - - - - - 
          target: noop                      
         - - - - - - - - - - - - - - - - - -->
    <target name="noop">
            <echo>Not using cvs currently. Will update when svn tools ready.</echo>
    </target>

    <target name="tagdiff">
         <cvstagdiff cvsRoot=":ext:cgul@cvs.sourceforge.net:/cvsroot/ksoap2"
                destfile="tagdiff.xml"
                package="ksoap2"
                startTag="RELEASE_2_0_2"
                endTag="RELEASE_2_1_1" />
        <style in="tagdiff.xml" 
               out="tagdiff.html" 
               style="${ant.home}/etc/tagdiff.xsl">
          <param name="title" expression="kSOAP2 Diff"/>
          <param name="module" expression="ksoap2"/>
          <param name="cvsweb" expression="http://cvs.sourceforge.net/viewcvs.py/ksoap2/"/>
        </style>
    </target>
</project>
